ETF,Years_Data,Date,Return_CAGR (%),Return_Div (%),Risk_Vol (%),Risk_MaxDD (%),Cost_ExpRatio (%),Liq_Volume (M),Liq_AUM (B),Div_Score (產出),FinBERT_score
VOO,3.0,2026-04-14,18.64,1.19,14.85,-18.97,0.03,6.35,906.08,5.7637,-0.0556
IVV,3.0,2026-04-14,18.65,1.23,14.95,-19.01,0.03,6.07,783.61,5.6529,-0.1201
SPY,3.0,2026-04-14,18.62,1.14,15.25,-19.0,0.095,70.29,723.39,5.6402,-0.0649
VTI,3.0,2026-04-14,18.33,1.17,15.43,-19.59,0.03,3.61,615.14,5.6211,-0.0433
QQQ,3.0,2026-04-14,24.86,0.49,19.67,-22.88,0.18,46.62,425.95,2.5213,-0.0631
VEA,3.0,2026-04-14,13.91,2.94,15.15,-14.37,0.03,12.01,217.57,,0.0328
VUG,3.0,2026-04-14,23.55,0.46,19.39,-23.04,0.03,1.14,210.58,2.605,0.1181
IEFA,3.0,2026-04-14,12.01,3.52,15.24,-13.86,0.07,9.79,183.12,,0.0398
VTV,3.0,2026-04-14,13.09,2.02,12.44,-15.51,0.03,2.69,170.7,7.7042,0.1189
IEMG,3.0,2026-04-14,15.1,2.68,17.25,-18.96,0.09,11.24,150.45,,0.0765
VXUS,3.0,2026-04-14,13.38,2.99,14.83,-15.04,0.05,4.07,145.71,,-0.0347
IWF,3.0,2026-04-14,22.98,0.4,19.16,-23.52,0.18,1.55,124.56,2.6729,0.0723
VWO,3.0,2026-04-14,12.12,2.71,16.1,-19.4,0.06,9.61,119.73,,0.0364
VGT,3.0,2026-04-14,26.05,0.44,23.37,-27.41,0.09,0.53,121.23,0.8,0.0265
IJH,3.0,2026-04-14,12.91,1.32,18.14,-24.62,0.05,8.86,115.46,6.5789,-0.05
VIG,3.0,2026-04-14,12.81,1.61,12.41,-15.36,0.04,1.1,105.23,6.2267,0.0789
IJR,3.0,2026-04-14,11.51,1.29,20.64,-28.91,0.06,4.52,100.72,7.3314,0.1971
VO,3.0,2026-04-14,12.73,1.51,14.91,-19.71,0.03,0.67,98.62,8.2576,-0.0829
XLK,3.0,2026-04-14,25.31,0.57,23.35,-25.79,0.08,13.07,99.36,0.8,-0.2188
SCHD,3.0,2026-04-14,7.87,3.44,13.39,-17.64,0.06,13.72,87.51,6.9541,0.0792
RSP,3.0,2026-04-14,11.27,1.62,14.09,-18.49,0.2,9.11,88.2,8.1699,-0.0191
ITOT,3.0,2026-04-14,18.38,1.13,15.36,-19.67,0.03,2.0,87.78,5.8582,0.0029
EFA,3.0,2026-04-14,12.06,3.35,15.19,-14.05,0.32,15.22,76.83,,0.0375
VYM,3.0,2026-04-14,12.77,2.37,12.83,-15.02,0.04,1.27,76.31,7.9681,0.0787
QQQM,3.0,2026-04-14,24.9,0.53,19.55,-22.83,0.15,2.54,79.39,2.5748,-0.1081
IWM,3.0,2026-04-14,14.62,1.02,21.23,-27.88,0.19,34.23,77.54,6.8776,-0.0824
VB,3.0,2026-04-14,13.8,1.34,19.09,-25.94,0.03,0.75,76.36,7.0225,0.2318
IWD,3.0,2026-04-14,13.27,1.67,13.23,-16.5,0.18,2.43,73.32,8.5616,0.1286
VT,3.0,2026-04-14,16.4,1.82,14.26,-16.79,0.06,2.31,70.01,6.0024,-0.0222
IVW,3.0,2026-04-14,23.87,0.43,18.84,-22.24,0.18,2.57,69.26,3.2038,-0.2316
SCHX,3.0,2026-04-14,18.72,1.17,15.09,-19.28,0.03,9.86,67.39,5.8072,-0.1683
VEU,3.0,2026-04-14,13.6,2.93,14.83,-14.92,0.04,2.67,64.34,,-0.1741
SCHF,3.0,2026-04-14,13.92,3.4,15.1,-14.51,0.03,8.49,63.39,6.7935,-0.0677
IXUS,3.0,2026-04-14,13.4,3.18,15.05,-14.97,0.07,1.87,56.68,,0.0101
SCHG,3.0,2026-04-14,23.92,0.43,19.43,-23.47,0.04,8.2,53.9,3.1287,0.15
IWR,3.0,2026-04-14,13.67,1.28,16.08,-21.61,0.18,1.63,52.24,8.0321,-0.237
XLF,3.0,2026-04-14,16.37,1.6,16.25,-15.85,0.08,42.96,51.77,0.8296,-0.2813
SMH,3.0,2026-04-14,52.51,0.29,34.19,-36.02,0.35,7.78,52.91,0.8919,0.0909
QUAL,3.0,2026-04-14,17.33,0.98,14.75,-18.43,0.15,1.46,49.86,5.4496,0.1527
VV,3.0,2026-04-14,18.9,1.13,15.24,-19.25,0.03,0.3,50.01,5.7274,-0.1837
IVE,3.0,2026-04-14,12.6,1.64,12.88,-18.35,0.18,0.75,48.73,8.3126,0.1665
JEPI,3.0,2026-04-14,1.85,8.4,10.43,-15.93,0.35,4.15,45.32,8.0321,0.1378
IWB,3.0,2026-04-14,18.54,1.06,15.08,-19.31,0.15,0.97,46.43,6.0716,0.0645
DIA,3.0,2026-04-14,12.56,1.52,13.5,-16.51,0.16,4.01,44.16,4.7031,-0.149
DFAC,3.0,2026-04-14,17.09,1.03,15.25,-20.44,0.17,2.03,44.11,6.9832,0.6101
VONG,3.0,2026-04-14,22.99,0.51,19.13,-23.47,0.06,1.22,42.0,2.7992,0.081
XLE,3.0,2026-04-14,9.47,2.44,21.43,-22.06,0.08,35.79,38.28,0.8,-0.1877
SCHB,3.0,2026-04-14,18.39,1.18,15.14,-19.58,0.03,4.3,40.51,5.3967,0.099
DGRO,3.0,2026-04-14,12.63,2.1,12.08,-14.97,0.08,1.72,39.37,7.0671,0.0898
XLV,3.0,2026-04-14,3.24,1.71,13.73,-18.11,0.08,9.9,39.02,0.8,-0.3151
SPDW,3.0,2026-04-14,13.96,3.28,15.03,-13.96,0.03,3.61,38.99,,-0.1222
VNQ,3.0,2026-04-14,4.79,3.93,17.08,-19.38,0.13,4.1,37.23,0.8,-0.1218
JEPQ,3.0,2026-04-14,8.96,11.11,15.47,-21.59,0.35,4.11,36.55,3.1586,0.0193
VBR,3.0,2026-04-14,13.19,1.91,18.29,-25.1,0.05,0.45,34.86,7.3421,0.2302
SPYV,3.0,2026-04-14,12.55,1.82,12.76,-18.38,0.04,2.7,33.21,8.1967,-0.2453
DYNF,3.0,2026-04-14,23.65,1.03,15.83,-18.98,0.26,1.81,33.37,3.6697,0.056
GDX,3.0,2026-04-14,41.52,0.69,36.42,-30.84,0.51,22.52,31.27,,0.0769
CGDV,3.0,2026-04-14,21.57,1.34,13.66,-14.53,0.33,2.59,32.17,5.9453,0.2133
VGK,3.0,2026-04-14,11.69,3.01,15.51,-14.65,0.06,2.93,31.08,,-0.1118
XLI,3.0,2026-04-14,20.2,1.27,16.13,-19.15,0.08,9.94,30.54,1.0,-0.1409
EFV,3.0,2026-04-14,16.2,4.01,14.94,-13.72,0.31,2.69,30.27,,-0.0059
ACWI,3.0,2026-04-14,16.74,1.59,14.38,-16.55,0.32,3.38,31.16,5.7339,0.0569
MGK,3.0,2026-04-14,24.58,0.39,19.92,-23.53,0.05,0.37,31.52,2.3923,0.1896
IDEV,3.0,2026-04-14,12.68,3.37,14.96,-13.5,0.04,1.13,29.06,,-0.0838
TQQQ,3.0,2026-04-14,54.95,0.75,58.59,-58.3,0.82,144.82,31.61,,-0.0865
IUSG,3.0,2026-04-14,23.31,0.58,18.61,-22.38,0.04,0.51,29.6,2.7739,0.3024
EEM,3.0,2026-04-14,15.53,2.16,17.67,-18.67,0.72,29.08,27.96,,-0.0239
VXF,3.0,2026-04-14,16.49,1.18,20.1,-27.38,0.05,0.42,28.32,6.9493,-0.0811
XLU,3.0,2026-04-14,10.51,2.59,16.14,-19.69,0.08,25.61,24.6,0.8,-0.279
MDY,3.0,2026-04-14,12.77,1.16,18.16,-24.5,0.23,0.91,26.03,6.6667,-0.1028
SOXX,3.0,2026-04-14,41.08,0.51,35.24,-41.67,0.34,4.56,27.65,0.863,0.0719
IUSV,3.0,2026-04-14,12.53,1.81,13.07,-18.56,0.04,0.72,25.29,8.2508,0.1395
XLC,3.0,2026-04-14,24.87,1.26,16.94,-18.21,0.08,5.54,25.74,0.8,-0.3461
AVUV,3.0,2026-04-14,16.19,1.41,21.56,-29.36,0.25,0.81,25.51,5.9032,-0.2399
FNDX,3.0,2026-04-14,16.11,1.62,13.33,-17.01,0.25,2.76,25.25,8.5106,0.1109
FNDF,3.0,2026-04-14,17.12,3.25,15.0,-14.48,0.25,1.17,23.03,8.4962,0.0004
USMV,3.0,2026-04-14,8.34,1.59,10.48,-9.68,0.15,2.52,23.13,6.6445,0.1664
DVY,3.0,2026-04-14,8.88,3.46,14.34,-17.46,0.38,0.52,22.56,6.0864,0.0093
MTUM,3.0,2026-04-14,22.97,0.82,19.85,-21.2,0.15,0.77,23.27,4.415,0.1496
VOOG,3.0,2026-04-14,23.85,0.54,18.86,-22.3,0.07,0.19,23.68,3.272,0.0536
XLY,3.0,2026-04-14,15.87,0.82,20.72,-26.35,0.08,9.17,23.26,0.8162,-0.298
AVEM,3.0,2026-04-14,17.55,2.45,17.47,-19.75,0.33,0.71,22.9,,0.0818
VOE,3.0,2026-04-14,12.49,1.99,14.08,-19.47,0.05,0.33,22.22,8.0775,-0.0796
VBK,3.0,2026-04-14,14.48,0.52,20.99,-27.76,0.05,0.25,22.48,5.8582,0.2205
RDVY,3.0,2026-04-14,17.13,1.03,17.0,-19.84,0.47,0.94,21.8,4.81,0.1435
SCHA,3.0,2026-04-14,14.75,1.17,20.47,-27.9,0.04,2.58,22.05,6.6094,0.2582
SDY,3.0,2026-04-14,6.2,2.53,12.4,-15.57,0.35,0.32,21.07,7.5019,-0.0265
CGGR,3.0,2026-04-14,23.84,0.11,19.06,-23.37,0.39,1.98,22.14,5.6818,0.4242
EMXC,3.0,2026-04-14,19.64,2.64,16.98,-20.5,0.25,2.11,21.48,,0.0229
EWJ,3.0,2026-04-14,14.88,4.33,19.0,-15.99,0.49,6.51,20.73,,-0.1867
DFIV,3.0,2026-04-14,18.57,2.73,14.78,-15.02,0.27,0.92,19.03,,0.2989
IYW,3.0,2026-04-14,29.3,0.15,23.39,-26.51,0.38,0.92,20.54,1.1569,-0.0406
IWP,3.0,2026-04-14,13.82,0.36,19.35,-25.26,0.23,0.89,19.81,5.8582,-0.2296
VYMI,3.0,2026-04-14,15.78,3.64,14.05,-13.53,0.07,0.63,19.07,,-0.0011
DFUS,3.0,2026-04-14,18.85,0.97,15.28,-19.61,0.09,0.41,19.59,5.8858,0.0
AVDV,3.0,2026-04-14,21.2,3.0,16.15,-14.17,0.36,0.52,18.96,,0.076
OEF,3.0,2026-04-14,21.26,0.98,15.95,-19.97,0.2,0.45,19.31,3.7418,0.0427
EWY,3.0,2026-04-14,30.87,1.69,28.77,-29.06,0.59,5.28,19.56,,0.066
IWV,3.0,2026-04-14,18.35,0.99,15.24,-19.48,0.2,0.19,18.69,5.7504,0.0569
COWZ,3.0,2026-04-14,9.09,2.06,15.35,-22.64,0.49,2.04,18.18,6.7159,0.1645
VONV,3.0,2026-04-14,13.27,1.82,13.13,-16.54,0.06,0.68,18.25,8.569,0.2152
SPYG,3.0,2026-04-15,24.7,0.58,18.91,-22.25,0.04,2.67,48.31,3.3529,-0.2204
VOT,3.0,2026-04-15,12.61,0.72,17.8,-21.91,0.05,0.19,18.22,5.8343,-0.073
SPEM,3.0,2026-04-15,13.4,2.84,15.97,-18.92,0.07,1.94,17.48,,0.0613
SPHQ,3.0,2026-04-15,18.7,1.19,14.16,-16.82,0.15,1.12,17.12,5.1921,0.0569
SPMD,3.0,2026-04-15,12.71,1.37,18.06,-24.63,0.03,1.47,17.02,6.3012,-0.2246
VHT,3.0,2026-04-15,3.96,1.72,13.84,-17.84,0.09,0.23,16.56,0.8,0.0377
FTEC,3.0,2026-04-15,26.91,0.46,23.53,-27.48,0.084,0.3,17.44,0.8,-0.0655
DGRW,3.0,2026-04-15,13.54,1.43,12.75,-16.79,0.28,0.68,16.46,7.0621,0.1326
BBJP,3.0,2026-04-15,14.67,5.13,18.94,-16.84,0.19,1.53,16.09,,-0.2933
DFAI,3.0,2026-04-15,14.7,2.45,14.36,-13.52,0.18,1.1,15.89,,-0.0723
ESGU,3.0,2026-04-15,18.39,1.07,15.34,-19.54,0.15,0.72,16.28,5.5096,-0.031
AVDE,3.0,2026-04-15,15.91,2.7,14.81,-13.46,0.23,0.46,15.71,,-0.1036
IWY,3.0,2026-04-15,24.73,0.39,19.4,-23.38,0.2,0.38,16.44,2.3931,0.1175
EFG,3.0,2026-04-15,8.36,2.58,16.51,-17.44,0.34,1.06,15.43,,-0.1697
VTWO,3.0,2026-04-15,14.65,1.26,21.23,-28.04,0.06,2.27,15.71,6.6845,0.0752
IWS,3.0,2026-04-15,13.05,1.48,15.59,-21.19,0.23,0.46,14.86,8.0906,-0.2328
SPSM,3.0,2026-04-15,11.29,1.59,20.53,-28.66,0.03,1.78,15.07,7.1685,-0.2448
XLP,3.0,2026-04-15,2.51,2.65,12.11,-14.55,0.08,13.16,14.54,0.8,-0.2929
GSLC,3.0,2026-04-15,17.69,1.06,14.8,-19.08,0.09,0.29,14.97,5.5006,-0.1141
SCZ,3.0,2026-04-15,11.7,3.27,15.25,-16.18,0.4,1.2,14.66,,-0.2676
ITA,3.0,2026-04-15,26.76,0.49,18.87,-15.88,0.38,0.57,14.19,0.8016,0.11
DFUV,3.0,2026-04-15,14.12,1.51,14.75,-18.26,0.21,0.34,14.44,7.4019,0.0
DFIC,3.0,2026-04-15,15.52,2.47,14.26,-13.4,0.22,0.98,13.63,,0.7162
SCHM,3.0,2026-04-15,13.63,1.41,17.76,-23.8,0.04,1.14,14.16,7.1839,-0.086
SOXL,3.0,2026-04-15,76.92,0.16,104.4,-87.97,0.75,88.44,14.22,,-0.0293
HDV,3.0,2026-04-15,8.78,2.92,11.67,-10.61,0.08,0.53,13.32,4.7676,0.1432
DFAS,3.0,2026-04-15,12.83,1.02,19.74,-26.48,0.26,0.42,13.96,6.9109,0.2773
SPMO,3.0,2026-04-15,31.26,0.91,19.04,-20.28,0.13,0.92,14.84,2.9293,-0.2208
DFAT,3.0,2026-04-15,13.77,1.56,20.42,-26.61,0.28,0.32,13.5,6.1958,0.3365
IWN,3.0,2026-04-15,14.05,1.63,20.83,-27.3,0.24,1.13,13.28,6.7705,-0.2401
IWO,3.0,2026-04-15,14.96,0.48,22.36,-28.92,0.24,0.45,13.66,5.4318,-0.2422
IQLT,3.0,2026-04-15,11.12,2.29,14.9,-14.16,0.3,1.54,13.03,,-0.07
PAVE,3.0,2026-04-15,25.93,0.86,20.22,-26.49,0.47,1.14,12.7,1.6295,0.106
VFH,3.0,2026-04-15,16.76,1.61,17.17,-17.65,0.09,0.53,12.74,0.8288,0.1038
SPTM,3.0,2026-04-15,18.46,1.2,14.91,-19.13,0.03,0.58,12.8,5.5835,0.1584
AMLP,3.0,2026-04-15,9.47,7.56,15.51,-15.79,1.01,1.44,11.93,0.8382,0.0508
SCHE,3.0,2026-04-15,12.64,2.94,16.56,-19.35,0.07,1.44,12.42,6.5402,0.0468
ESGV,3.0,2026-04-15,18.98,1.01,16.2,-20.62,0.09,0.22,12.27,3.6513,0.0315
MOAT,3.0,2026-04-15,10.87,1.45,15.66,-22.49,0.46,0.86,12.16,5.637,0.048
MGV,3.0,2026-04-15,13.21,2.06,12.18,-13.94,0.05,0.23,11.82,7.1378,0.0634
AVUS,3.0,2026-04-15,18.43,1.04,15.47,-20.26,0.15,0.3,11.96,7.1378,0.0721
DFAX,3.0,2026-04-15,15.89,2.51,14.47,-14.21,0.28,0.64,11.52,,0.7162
VSS,3.0,2026-04-15,12.07,3.35,14.82,-17.57,0.06,0.35,11.65,,-0.2021
ESGD,3.0,2026-04-15,11.74,3.59,15.32,-13.98,0.2,0.35,11.47,,-0.09
NOBL,3.0,2026-04-15,5.54,2.14,12.81,-16.24,0.35,0.61,11.38,6.812,0.0672
AVLV,3.0,2026-04-15,17.89,1.21,15.36,-20.18,0.15,0.38,11.34,7.6278,0.1429
DUHP,3.0,2026-04-15,15.49,1.09,13.97,-18.06,0.2,0.93,11.31,5.8072,0.0
VLUE,3.0,2026-04-15,18.47,2.0,16.05,-18.96,0.15,0.49,11.5,3.8873,0.2782
DFAU,3.0,2026-04-15,18.44,1.03,15.17,-19.68,0.12,0.6,11.21,5.9347,0.0316
ACWX,3.0,2026-04-15,14.03,2.78,15.07,-14.41,0.32,1.44,11.22,,-0.0084
EWZ,3.0,2026-04-15,12.72,4.32,24.45,-37.18,0.59,25.05,11.75,,0.1101
SDVY,3.0,2026-04-15,16.18,1.02,19.65,-26.8,0.58,1.16,10.89,4.4131,-0.0806
IGF,3.0,2026-04-15,11.72,2.96,13.09,-16.22,0.39,0.63,10.35,,-0.1672
BBCA,3.0,2026-04-15,16.96,1.86,15.01,-13.33,0.19,0.28,10.56,,-0.1271
VDE,3.0,2026-04-15,10.27,2.27,21.53,-22.6,0.09,0.55,9.71,0.8,-0.0919
IGV,3.0,2026-04-15,9.57,0.0,24.46,-36.61,0.39,6.03,12.3,0.8653,-0.1099
IJK,3.0,2026-04-15,14.57,0.62,18.81,-25.9,0.17,0.33,10.58,5.3362,-0.0508
PBUS,3.0,2026-04-15,19.26,1.14,15.11,-19.33,0.04,0.3,10.7,5.5494,0.0609
GDXJ,3.0,2026-04-15,48.03,2.23,40.57,-32.92,0.51,5.75,9.99,,0.2496
FNDA,3.0,2026-04-15,12.74,1.21,19.79,-26.43,0.25,0.78,10.16,7.758,0.1846
SCHH,3.0,2026-04-15,5.65,3.03,16.91,-19.51,0.07,5.68,9.95,,-0.1904
CGUS,3.0,2026-04-15,20.02,1.0,14.44,-18.27,0.33,0.79,10.11,5.4585,0.0
EZU,3.0,2026-04-15,13.79,2.92,17.06,-15.02,0.5,2.3,9.76,,-0.0747
CGGO,3.0,2026-04-15,16.69,2.11,16.23,-17.93,0.47,0.81,10.0,,0.0
PVAL,3.0,2026-04-15,20.13,0.98,13.74,-15.98,0.55,0.51,9.86,8.4962,0.0784
QLD,3.0,2026-04-15,43.9,0.19,39.25,-42.34,0.95,6.94,11.22,2.6204,-0.3767
FNDE,3.0,2026-04-15,14.93,4.04,17.1,-21.47,0.39,0.83,9.43,6.6578,0.0077
AIRR,3.0,2026-04-15,38.74,0.16,25.43,-28.08,0.69,0.36,9.63,1.1659,0.2023
CIBR,3.0,2026-04-15,14.16,0.65,21.65,-22.34,0.58,0.77,10.1,0.9347,-0.0059
ONEQ,3.0,2026-04-15,25.08,0.83,19.91,-24.36,0.21,0.29,9.77,2.7128,-0.0154
BBEU,3.0,2026-04-15,12.18,3.0,15.13,-14.49,0.09,0.75,9.01,,-0.0773
PRF,3.0,2026-04-15,16.24,1.56,13.32,-16.62,0.34,0.39,9.33,8.2237,0.1928
VPU,3.0,2026-04-15,10.15,2.57,16.02,-19.99,0.09,0.22,8.85,0.8,0.1122
FDVV,3.0,2026-04-15,14.11,3.0,12.88,-17.16,0.15,0.53,9.16,6.2775,0.1229
MGC,3.0,2026-04-15,20.59,1.02,15.45,-19.52,0.05,0.11,9.26,4.002,-0.0272
IEUR,3.0,2026-04-15,11.83,3.01,15.55,-14.25,0.1,0.94,9.02,,-0.072
SHLD,2.6,2026-04-15,53.13,0.51,20.86,-15.06,0.5,0.65,8.61,,0.1984
DBEF,3.0,2026-04-15,13.24,5.49,13.84,-14.62,0.35,0.63,8.79,,-0.1212
JGRO,3.0,2026-04-15,23.1,0.17,19.23,-22.7,0.44,0.32,9.13,3.6765,0.6083
VIGI,3.0,2026-04-15,7.08,2.27,13.29,-15.3,0.07,0.29,8.93,,-0.0814
SPYI,3.0,2026-04-15,2.44,12.5,13.02,-18.53,0.68,1.26,9.02,5.4735,0.0934
GRID,3.0,2026-04-15,23.14,0.92,19.14,-20.9,0.56,0.19,9.43,,-0.055
DFAE,3.0,2026-04-15,16.71,2.18,16.71,-18.76,0.29,0.8,8.84,,0.9182
RWL,3.0,2026-04-15,15.96,1.38,12.46,-14.72,0.39,0.17,8.66,7.9365,0.0335
IGM,3.0,2026-04-15,33.52,0.18,23.33,-26.42,0.39,0.4,9.21,1.1136,-0.011
XBI,3.0,2026-04-15,18.5,0.35,27.06,-33.0,0.35,9.55,8.81,1.0,0.1233
IDV,3.0,2026-04-15,16.06,4.63,14.63,-14.21,0.5,0.77,8.36,,-0.036
PPA,3.0,2026-04-15,29.84,0.4,17.5,-15.5,0.58,0.18,8.44,0.921,0.1598
IJJ,3.0,2026-04-15,10.86,1.77,18.35,-23.35,0.18,0.19,8.48,6.4144,-0.0702
DFEM,3.0,2026-04-15,16.36,2.26,16.24,-18.81,0.39,0.67,8.59,,0.0
IBB,3.0,2026-04-15,9.67,0.23,19.73,-25.06,0.44,1.65,8.48,0.8,0.1251
QYLD,3.0,2026-04-15,0.64,11.93,13.35,-20.58,0.6,5.51,8.33,2.6033,-0.0488
IOO,3.0,2026-04-15,22.26,0.96,15.91,-19.19,0.4,0.17,8.34,3.0075,-0.0321
VPL,3.0,2026-04-15,15.77,3.3,17.31,-18.25,0.07,0.65,8.18,,-0.0118
VDC,3.0,2026-04-15,4.58,2.15,11.95,-12.78,0.09,0.14,7.98,0.8,0.1101
FTCS,3.0,2026-04-15,8.32,1.11,11.3,-13.22,0.52,0.35,7.97,6.12,-0.0472
AIQ,3.0,2026-04-15,29.21,0.2,22.53,-26.35,0.68,0.83,8.34,1.7513,0.0356
THRO,3.0,2026-04-15,20.56,0.19,15.92,-19.09,0.57,0.51,8.08,3.8986,0.0649
EWT,3.0,2026-04-15,21.35,1.4,24.13,-28.01,0.59,3.46,8.31,,0.0075
URTH,3.0,2026-04-15,17.31,1.53,14.36,-16.94,0.24,0.3,8.04,5.4526,0.0167
GUNR,3.0,2026-04-15,8.32,2.23,16.52,-23.27,0.46,0.64,7.56,,0.2193
XLRE,3.0,2026-04-15,5.12,3.43,16.95,-18.25,0.08,6.43,7.99,0.8,-0.2727
VIS,3.0,2026-04-15,21.27,0.97,17.17,-21.33,0.09,0.09,7.69,1.0,0.0388
COPX,3.0,2026-04-15,27.93,2.59,35.71,-40.74,0.65,1.65,7.76,,-0.0115
BBUS,3.0,2026-04-15,19.09,1.14,15.01,-19.22,0.02,0.18,7.7,5.5432,0.0327
IJS,3.0,2026-04-15,10.38,1.43,21.71,-29.23,0.18,0.36,7.74,7.1736,0.3293
SPLV,3.0,2026-04-15,5.31,2.12,10.95,-10.52,0.25,2.36,7.38,5.3447,-0.2448
XLB,3.0,2026-04-15,8.58,1.75,17.02,-23.93,0.08,11.65,7.74,0.8,-0.3554
FDL,3.0,2026-04-15,10.95,3.61,13.52,-13.19,0.43,0.79,7.3,4.603,0.1382
VONE,3.0,2026-04-15,18.84,1.14,15.03,-19.31,0.06,0.08,7.61,6.0205,0.1986
SPYD,3.0,2026-04-15,6.1,4.37,14.8,-17.98,0.07,1.28,7.27,7.1582,-0.2494
JQUA,3.0,2026-04-15,15.53,1.26,13.7,-17.04,0.12,0.61,7.36,5.0865,0.0782
HEFA,3.0,2026-04-15,14.22,3.26,13.4,-14.28,0.35,1.06,7.25,,-0.1212
DFSV,3.0,2026-04-15,13.6,1.53,21.35,-28.52,0.3,0.9,7.47,6.3898,0.1599
URA,3.0,2026-04-15,39.2,4.4,40.86,-39.45,0.69,3.29,7.68,,0.1535
JGLO,2.6,2026-04-15,14.79,1.25,14.26,-17.73,0.47,0.33,7.08,,0.0
IJT,3.0,2026-04-15,12.83,0.86,20.18,-27.73,0.18,0.12,7.21,,0.3182
IXN,3.0,2026-04-15,28.09,0.34,23.4,-25.55,0.39,0.23,7.48,0.8,0.0044
MCHI,3.0,2026-04-15,5.22,2.27,27.5,-27.63,0.59,3.59,7.04,,-0.0336
DIVO,3.0,2026-04-15,8.2,5.12,10.98,-13.29,0.56,0.45,6.88,,0.1866
TCAF,2.8,2026-04-15,15.41,0.54,14.15,-16.57,0.31,0.67,6.79,,0.1884
BBAX,3.0,2026-04-15,8.06,3.73,16.77,-21.47,0.19,0.27,6.4,,-0.0313
XMMO,3.0,2026-04-15,28.0,0.71,19.99,-25.22,0.35,0.26,6.61,,-0.0786
VFLO,2.8,2026-04-15,19.13,1.42,15.82,-18.3,0.39,0.63,6.62,,0.1904
BBIN,3.0,2026-04-15,12.38,3.9,15.33,-14.26,0.07,0.21,6.4,,-0.1652
INDA,3.0,2026-04-15,7.54,0.0,13.96,-23.28,0.61,5.15,6.59,,0.1226
ESGE,3.0,2026-04-15,16.29,2.45,17.93,-18.03,0.25,0.77,6.59,,0.0345
KWEB,3.0,2026-04-15,-0.42,7.53,35.45,-35.31,0.7,21.2,6.55,,-0.0335
DXJ,3.0,2026-04-15,32.4,1.21,20.44,-22.19,0.48,0.66,6.22,,-0.2744
JAVA,3.0,2026-04-15,12.48,1.35,13.11,-17.08,0.44,0.24,6.33,,0.0
VSGX,3.0,2026-04-15,13.39,3.29,15.19,-15.12,0.1,0.16,6.25,,-0.1532
VOOV,3.0,2026-04-15,12.36,1.8,12.87,-18.39,0.07,0.09,6.28,,-0.0004
XAR,3.0,2026-04-15,33.67,0.35,22.42,-19.82,0.35,0.13,6.29,,0.1812
FXI,3.0,2026-04-15,7.8,2.59,28.53,-30.51,0.73,39.49,6.23,,-0.1123
ARKK,3.0,2026-04-15,24.47,0.0,39.39,-39.56,0.75,11.74,7.12,,-0.1786
SSO,3.0,2026-04-15,32.33,0.82,29.72,-35.34,0.87,5.89,7.07,,-0.247
VCR,3.0,2026-04-15,15.58,0.8,21.14,-27.64,0.09,0.06,6.2,,-0.0379
DLN,3.0,2026-04-15,13.72,1.91,11.73,-14.01,0.28,0.16,5.96,,0.3717
DIHP,3.0,2026-04-15,11.6,2.17,14.17,-12.96,0.27,0.48,5.78,,0.7162
VOX,3.0,2026-04-15,25.83,1.05,18.19,-21.34,0.09,0.19,6.01,,0.0798
DFLV,3.0,2026-04-15,14.13,1.55,14.12,-17.54,0.21,0.54,5.74,,0.0
GSIE,3.0,2026-04-15,13.34,2.72,14.61,-13.38,0.25,0.42,5.69,,-0.0788
DFIS,3.0,2026-04-15,15.68,2.22,15.11,-14.01,0.39,0.41,5.64,,0.0
EFAV,3.0,2026-04-15,10.48,3.03,11.1,-10.94,0.2,0.47,5.45,,-0.127
SCHC,3.0,2026-04-15,13.57,3.65,15.88,-16.62,0.08,0.43,5.64,,-0.2137
SPXL,3.0,2026-04-15,44.13,0.8,44.27,-49.21,0.84,5.68,5.72,,-0.2474
CGXU,3.0,2026-04-15,11.01,5.37,18.09,-21.92,0.54,0.62,5.5,,0.0
KBWB,3.0,2026-04-15,25.91,2.27,24.58,-25.91,0.35,1.52,5.34,,0.1865
XMHQ,3.0,2026-04-15,13.46,0.6,18.89,-25.33,0.25,0.3,5.26,,-0.0782
RECS,3.0,2026-04-15,19.18,0.83,14.78,-19.28,0.15,0.41,5.37,,0.1494
JHMM,3.0,2026-04-15,13.95,0.95,16.46,-22.35,0.41,0.22,5.27,,-0.0814
SCHK,3.0,2026-04-15,18.95,1.17,15.22,-19.44,0.03,0.77,5.18,,0.0933
EWC,3.0,2026-04-15,17.69,1.42,15.45,-14.12,0.5,2.11,5.2,,-0.1114
GNR,3.0,2026-04-15,8.66,2.31,17.95,-24.49,0.4,0.3,4.87,,-0.1806
DSI,3.0,2026-04-15,18.51,1.0,15.98,-20.82,0.25,0.13,5.08,,0.0772
XME,3.0,2026-04-15,30.01,0.35,29.1,-30.63,0.35,2.44,5.0,,0.2794
ILF,3.0,2026-04-15,15.09,3.78,21.21,-29.71,0.47,1.69,5.13,,0.3176
LVHI,3.0,2026-04-15,14.49,3.78,11.36,-11.99,0.4,0.39,4.73,,-0.0638
NLR,3.0,2026-04-15,36.45,2.4,33.36,-30.81,0.56,0.25,5.19,,0.1775
CGDG,2.5,2026-04-15,17.34,1.95,12.21,-10.91,0.47,0.41,4.77,,0.1975
BKLC,3.0,2026-04-15,20.17,1.11,15.14,-19.3,,0.14,5.36,,0.0538
FDN,3.0,2026-04-15,20.53,0.0,21.86,-24.98,0.49,0.51,5.07,,0.0165
REET,3.0,2026-04-15,5.35,3.65,15.66,-20.54,0.14,0.96,4.83,,-0.2078
DISV,3.0,2026-04-15,19.68,2.6,15.54,-14.24,0.42,0.31,4.65,,0.388
FEZ,3.0,2026-04-15,13.61,2.85,17.77,-16.07,0.29,1.64,4.61,,-0.0886
UPRO,3.0,2026-04-15,43.94,1.04,44.43,-49.09,0.89,5.53,4.93,,-0.2525
OMFL,3.0,2026-04-15,10.42,0.86,14.89,-15.7,0.29,0.47,4.47,,-0.0249
RSPT,3.0,2026-04-15,22.1,0.38,22.5,-26.71,0.4,0.49,4.47,,-0.0468
IYR,3.0,2026-04-15,5.81,2.38,16.99,-18.46,0.38,6.28,4.07,,-0.156
KRE,3.0,2026-04-15,16.84,2.42,30.16,-29.16,0.35,16.12,3.98,,-0.1179
SLYG,3.0,2026-04-15,12.72,0.8,20.11,-27.87,0.15,0.15,4.42,,0.2834
SLYV,3.0,2026-04-15,9.7,2.01,21.61,-29.55,0.15,0.23,4.36,,0.2818
VTHR,3.0,2026-04-15,18.52,1.16,15.34,-19.6,0.06,0.03,4.36,,0.3438
EMLP,3.0,2026-04-15,17.04,2.75,13.05,-12.17,0.95,0.24,3.94,,0.1945
TSLL,3.0,2026-04-15,1.93,7.98,110.21,-83.09,0.83,74.6,4.86,,-0.44
IVLU,3.0,2026-04-15,18.25,3.56,15.68,-15.48,0.31,0.53,4.02,,-0.069
HELO,2.5,2026-04-15,12.04,0.66,8.14,-11.02,0.5,0.28,3.97,,0.2763
IFRA,3.0,2026-04-15,16.97,1.7,16.47,-20.77,0.3,0.28,3.74,,0.1275
NVDL,3.0,2026-04-15,131.65,0.0,92.29,-67.55,1.05,13.55,3.84,,-0.097
MAGS,3.0,2026-04-15,36.88,1.69,26.31,-30.46,0.29,1.5,4.49,,-0.2553
IMTM,3.0,2026-04-15,16.62,2.3,16.79,-12.85,0.3,0.36,3.91,,-0.1423
DON,3.0,2026-04-15,9.91,2.41,16.4,-22.09,0.38,0.15,3.89,,-0.0801
TECL,3.0,2026-04-15,49.46,9.64,69.31,-66.7,0.87,1.93,4.59,,0.4389
TDIV,3.0,2026-04-15,23.37,1.5,19.88,-23.28,0.5,0.11,3.97,,0.1377
DEM,3.0,2026-04-15,10.22,4.32,14.86,-17.36,0.63,0.3,3.72,,0.2044
IXJ,3.0,2026-04-15,3.14,1.45,13.53,-18.72,0.4,0.19,3.71,,0.0913
EUFN,3.0,2026-04-15,25.48,3.81,19.0,-15.95,0.49,0.97,3.74,,-0.1537
QTUM,3.0,2026-04-15,39.37,1.1,26.29,-25.6,0.4,0.22,4.0,,0.0655
USRT,3.0,2026-04-15,7.99,2.89,17.25,-19.74,0.08,0.3,3.77,,-0.1797
IWX,3.0,2026-04-15,13.45,1.66,12.3,-13.98,0.2,0.19,3.73,,0.3212
AIA,3.0,2026-04-15,24.79,1.46,23.9,-21.64,0.5,0.13,3.82,,0.0419
SUSA,3.0,2026-04-15,17.0,0.97,15.06,-19.73,0.25,0.17,3.75,,0.3761
XT,3.0,2026-04-15,11.64,8.13,19.33,-22.09,0.46,0.12,3.77,,-0.0604
VIOO,3.0,2026-04-15,11.64,1.31,20.72,-28.98,0.07,0.12,3.72,,0.032
VNQI,3.0,2026-04-15,4.3,4.87,15.15,-20.53,0.12,0.28,3.63,,-0.0252
IDMO,3.0,2026-04-15,21.75,2.06,16.88,-12.67,0.25,0.18,3.61,,-0.1391
AAXJ,3.0,2026-04-15,15.75,1.76,18.56,-20.89,0.72,0.62,3.67,,0.0062
EWU,3.0,2026-04-15,12.87,3.64,14.59,-12.63,0.5,1.8,3.54,,-0.4183
SMLF,3.0,2026-04-15,16.31,1.17,19.97,-26.8,0.15,0.13,3.62,,0.2738
XOP,3.0,2026-04-15,7.42,1.79,27.68,-36.54,0.35,3.66,3.06,,-0.1716
FLJP,3.0,2026-04-15,14.09,5.07,18.58,-15.63,0.09,0.7,3.47,,-0.0157
DFGR,3.0,2026-04-15,4.67,4.23,15.35,-19.87,0.22,0.35,3.47,,-0.4358
FV,3.0,2026-04-15,12.89,0.64,19.3,-23.16,0.89,0.14,3.45,,-0.2252
IYF,3.0,2026-04-15,19.13,1.62,17.1,-16.87,0.38,0.28,3.45,,-0.094
GCOW,3.0,2026-04-15,9.99,4.42,12.7,-12.35,0.6,0.29,3.3,,-0.0409
IMCG,3.0,2026-04-15,14.43,0.8,17.25,-22.21,0.06,0.14,3.47,,-0.0893
EEMV,3.0,2026-04-15,7.59,2.65,11.24,-14.5,0.25,0.4,3.45,,0.0
IVOO,3.0,2026-04-15,12.79,1.33,18.16,-24.77,0.07,0.08,3.46,,-0.237
JTEK,2.5,2026-04-15,25.16,0.0,27.47,-30.61,0.65,0.17,3.59,,0.3244
INTF,3.0,2026-04-15,15.45,2.78,15.26,-13.64,0.16,0.19,3.44,,-0.1101
SPHD,3.0,2026-04-15,4.97,4.31,13.03,-14.26,0.3,0.7,3.32,,-0.0313
ACWV,3.0,2026-04-15,6.94,2.08,9.29,-7.56,0.2,0.19,3.31,,-0.0454
FNDC,3.0,2026-04-15,13.92,3.78,14.73,-14.36,0.39,0.2,3.35,,-0.1224
CALF,3.0,2026-04-15,6.69,1.43,21.09,-34.91,0.59,1.45,3.47,,0.3024
MLPX,3.0,2026-04-15,20.51,4.06,17.0,-17.68,0.45,0.28,3.16,,0.1076
IHI,3.0,2026-04-15,-0.65,0.42,16.62,-23.03,0.38,1.08,3.27,,0.1633
BOTZ,3.0,2026-04-15,13.66,0.73,24.14,-29.02,0.68,0.85,3.36,,0.1333
VAW,3.0,2026-04-15,9.84,1.41,17.65,-23.88,0.09,0.06,3.13,,-0.1032
PTLC,3.0,2026-04-15,12.25,1.13,12.21,-15.17,0.6,0.2,3.18,,0.0066
XYLD,3.0,2026-04-15,-0.62,10.98,10.77,-17.96,0.6,0.64,3.07,,0.0355
NFRA,3.0,2026-04-15,7.08,5.74,11.93,-12.13,0.47,0.09,3.03,,-0.144
USMC,3.0,2026-04-15,19.6,0.84,14.9,-19.31,0.12,0.1,3.09,,-0.2405
LRGF,3.0,2026-04-15,18.91,1.23,15.33,-19.67,0.08,0.15,3.16,,0.2189
USCA,3.0,2026-04-15,18.09,1.24,15.02,-19.36,0.07,0.05,3.04,,0.0
IYH,3.0,2026-04-15,3.43,1.31,13.96,-18.7,0.38,0.41,2.94,,0.0835
GSUS,3.0,2026-04-15,19.43,1.14,15.02,-19.31,0.07,0.11,2.97,,-0.047
FRDM,3.0,2026-04-15,27.66,2.09,20.42,-17.22,0.49,0.17,2.96,,0.114
FHLC,3.0,2026-04-15,4.03,1.44,13.84,-17.78,0.084,0.15,2.88,,0.046
DCOR,2.6,2026-04-15,18.17,1.04,15.4,-19.58,0.14,0.1,2.9,,0.0
SMMD,3.0,2026-04-15,14.71,1.22,19.31,-26.01,0.15,0.14,2.93,,0.2739
ILCG,3.0,2026-04-15,24.0,0.5,19.46,-23.2,0.04,0.08,2.87,,0.0
IXC,3.0,2026-04-15,10.82,2.68,19.58,-22.5,0.4,0.64,2.68,,-0.0078
REMX,3.0,2026-04-15,6.01,1.48,38.7,-63.05,0.58,0.4,2.97,,0.1768
PXF,3.0,2026-04-15,18.1,3.48,14.88,-14.8,0.43,0.08,2.78,,-0.0177
QTEC,3.0,2026-04-15,23.45,0.0,25.87,-29.01,0.55,0.17,2.92,,-0.0781
PRFZ,3.0,2026-04-15,14.41,0.95,20.52,-27.01,0.34,0.14,2.87,,0.2578
IYY,3.0,2026-04-15,18.88,1.01,15.12,-19.27,0.2,0.04,2.83,,-0.249
SQQQ,3.0,2026-04-15,-56.69,5.78,58.77,-92.41,0.95,16.06,2.95,,-0.1818
NUGO,3.0,2026-04-15,25.6,0.0,21.08,-25.12,0.56,0.11,2.84,,0.4023
WTV,3.0,2026-04-15,17.95,1.79,15.46,-19.12,0.12,0.08,2.73,,0.3172
MDYG,3.0,2026-04-15,14.46,0.7,18.66,-25.77,0.15,0.14,2.71,,-0.0871
CQQQ,3.0,2026-04-15,2.99,2.47,34.23,-37.57,0.65,0.55,2.7,,-0.037
AVSC,3.0,2026-04-15,14.81,1.02,21.73,-28.84,0.25,0.1,2.66,,0.8851
JMEE,3.0,2026-04-15,14.14,1.09,18.25,-26.1,0.24,0.1,2.65,,0.0
KOMP,3.0,2026-04-15,15.07,1.8,22.87,-25.38,0.2,0.11,2.65,,0.0232
FLIN,3.0,2026-04-15,8.15,0.67,14.44,-23.76,0.19,0.38,2.61,,0.2591
FUTY,3.0,2026-04-15,10.32,2.5,16.03,-19.87,0.084,0.25,2.37,,0.1021
ITB,3.0,2026-04-15,10.45,1.25,27.52,-33.88,0.38,2.46,2.62,,-0.1982
XSMO,3.0,2026-04-15,21.91,0.61,20.96,-25.19,0.36,0.21,2.63,,0.2521
MDYV,3.0,2026-04-15,10.84,1.87,18.19,-23.29,0.15,0.19,2.58,,-0.0923
IPAC,3.0,2026-04-15,12.66,4.14,16.93,-17.18,0.09,0.12,2.52,,-0.0038
SNPE,3.0,2026-04-15,19.19,1.05,15.17,-19.64,0.1,0.25,2.6,,-0.0187
NULG,3.0,2026-04-15,21.57,0.12,19.04,-22.4,0.26,0.07,2.59,,-0.0843
SECT,3.0,2026-04-15,16.76,0.71,16.74,-21.74,0.69,0.1,2.52,,0.1419
DIVI,3.0,2026-04-15,13.19,3.9,15.0,-14.7,0.09,0.18,2.46,,-0.1102
ARTY,3.0,2026-04-15,22.83,0.0,27.25,-32.44,0.47,0.26,2.66,,0.0918
EQWL,3.0,2026-04-15,14.98,1.71,13.11,-15.39,0.25,0.07,2.46,,0.1463
TSPA,3.0,2026-04-15,20.96,0.65,15.0,-19.04,0.34,0.14,2.5,,0.3165
USCL,2.8,2026-04-15,17.18,1.23,15.09,-19.23,0.08,0.07,2.44,,0.0
HDEF,3.0,2026-04-15,11.93,3.66,13.5,-11.42,0.09,0.2,2.32,,-0.0431
APUE,2.9,2026-04-15,20.59,0.87,14.83,-19.07,0.31,0.15,2.38,,0.0
FSMD,3.0,2026-04-15,14.24,1.37,17.49,-22.7,0.15,0.15,2.35,,-0.0903
ESML,3.0,2026-04-15,14.01,1.08,19.79,-27.17,0.17,0.15,2.32,,0.2222
URNM,3.0,2026-04-15,30.15,2.81,43.15,-52.13,0.75,0.66,2.52,,0.2307
IHDG,3.0,2026-04-15,8.3,1.97,13.91,-18.88,0.58,0.28,2.3,,-0.1564
EPI,3.0,2026-04-15,10.51,0.0,15.4,-22.1,0.84,0.89,2.25,,0.1423
ICLN,3.0,2026-04-15,-0.3,1.47,24.87,-46.93,0.39,3.29,2.34,,0.104
FNCL,3.0,2026-04-15,16.91,1.75,17.19,-17.65,0.084,0.12,2.32,,-0.1079
SCHY,3.0,2026-04-15,10.81,3.53,12.5,-13.64,0.08,0.28,2.23,,-0.1239
SPUS,3.0,2026-04-15,21.19,0.63,17.54,-22.97,0.45,0.27,2.34,,-0.2405
SKYY,3.0,2026-04-15,18.58,0.0,25.84,-31.8,0.6,0.2,2.46,,-0.025
EWW,3.0,2026-04-15,9.36,3.21,23.82,-33.84,0.5,2.16,2.29,,0.0179
ACIO,3.0,2026-04-15,13.3,0.42,9.99,-12.24,0.79,0.13,2.25,,0.0
PABU,3.0,2026-04-15,16.32,1.04,16.21,-21.24,0.1,0.07,2.33,,0.396
SPGP,3.0,2026-04-15,10.26,0.98,17.52,-23.52,0.36,0.24,2.24,,-0.0009
BSVO,3.0,2026-04-15,15.15,1.4,22.04,-29.8,0.45,0.19,2.21,,0.95
EPP,3.0,2026-04-15,8.31,3.59,17.16,-20.99,0.47,0.36,2.18,,0.0191
QGRW,3.0,2026-04-15,27.82,0.09,21.19,-24.5,0.28,0.16,2.2,,0.3516
MLPA,3.0,2026-04-15,7.57,7.14,14.48,-14.93,0.77,0.16,2.1,,0.1033
QGRO,3.0,2026-04-15,20.6,0.21,18.22,-23.89,0.29,0.08,2.2,,-0.0704
JIVE,2.6,2026-04-15,27.71,2.14,15.07,-13.79,0.55,0.06,2.22,,0.0272
GUSA,3.0,2026-04-15,18.91,1.11,14.93,-19.85,0.1,0.0,2.21,,0.0
BGIG,2.6,2026-04-15,13.53,1.85,12.11,-14.11,0.45,0.02,2.12,,0.0
FTHI,3.0,2026-04-15,5.14,8.99,11.87,-18.15,0.76,0.32,2.15,,0.3363
FWD,3.0,2026-04-15,33.84,0.11,24.93,-29.02,0.65,0.07,2.33,,0.8519
OIH,3.0,2026-04-15,12.09,1.2,31.25,-45.7,0.35,0.51,2.16,,-0.0421
COWG,3.0,2026-04-15,19.76,0.35,19.54,-23.61,0.49,0.32,2.19,,-0.0288
FAS,3.0,2026-04-15,29.02,11.78,48.47,-43.26,0.88,0.75,2.27,,0.0772
JMOM,3.0,2026-04-15,22.72,0.88,16.44,-19.66,0.12,0.07,2.12,,-0.0673
PHO,3.0,2026-04-15,10.26,0.58,16.34,-19.42,0.59,0.07,2.06,,0.0433
ICF,3.0,2026-04-15,6.14,2.67,17.02,-18.97,0.32,0.13,2.12,,-0.1756
DES,3.0,2026-04-15,9.96,2.54,19.5,-25.66,0.38,0.14,2.07,,0.2963
QDF,3.0,2026-04-15,14.95,1.69,14.23,-18.79,0.39,0.04,2.11,,0.0865
CGIE,2.5,2026-04-15,15.88,1.2,15.35,-14.06,0.54,0.21,2.05,,0.0
BBMC,3.0,2026-04-15,15.71,1.25,18.71,-24.76,0.07,0.04,2.06,,-0.0946
FIDU,3.0,2026-04-15,21.27,1.04,17.11,-21.19,0.084,0.08,2.03,,0.1727
IWL,3.0,2026-04-15,20.51,0.96,15.35,-19.36,0.15,0.07,2.1,,-0.2286
IYJ,3.0,2026-04-15,16.49,0.83,16.28,-20.05,0.38,0.07,1.99,,-0.0007
TCHP,3.0,2026-04-15,26.16,0.0,19.95,-22.92,0.57,0.12,2.06,,-0.2586
DFSU,3.0,2026-04-15,18.05,0.94,15.76,-20.33,0.15,0.1,2.04,,0.0
IYG,3.0,2026-04-15,19.07,1.18,18.06,-18.76,0.38,0.09,2.01,,0.0717
NULV,3.0,2026-04-15,11.35,1.62,12.89,-16.77,0.26,0.13,2.01,,0.1813
XSOE,3.0,2026-04-15,16.3,1.65,17.47,-20.29,0.32,0.29,2.02,,0.0784
ARKQ,3.0,2026-04-15,37.61,0.27,30.54,-30.76,0.75,0.15,2.12,,0.0636
EWP,3.0,2026-04-15,26.77,2.27,18.87,-13.93,0.5,0.44,1.93,,-0.0946
TILT,3.0,2026-04-15,17.59,1.21,15.53,-20.34,0.25,0.01,2.02,,0.3527
PICK,3.0,2026-04-15,13.25,2.61,25.47,-34.45,0.39,0.34,1.97,,0.1776
PXH,3.0,2026-04-15,14.9,3.81,17.6,-18.97,0.47,0.24,1.96,,0.2927
TMFC,3.0,2026-04-15,26.23,0.16,17.61,-20.37,0.5,0.1,1.96,,-0.2674
PSC,3.0,2026-04-15,15.24,0.67,20.08,-23.78,0.38,0.07,1.98,,0.2433
USD,3.0,2026-04-15,116.71,0.5,76.95,-64.53,0.95,1.27,2.16,,0.1633
XSD,3.0,2026-04-15,25.84,0.25,37.17,-41.37,0.35,0.06,2.06,,0.0563
FIW,3.0,2026-04-15,9.66,0.8,16.5,-18.62,0.51,0.04,1.84,,0.1558
FLQL,3.0,2026-04-15,20.45,1.16,15.41,-19.51,0.15,0.07,1.89,,0.0608
DSTL,3.0,2026-04-15,10.81,1.29,13.63,-17.58,0.39,0.12,1.87,,0.0316
HEDJ,3.0,2026-04-15,9.87,1.67,15.74,-15.93,0.58,0.12,1.84,,-0.0748
JPEF,2.7,2026-04-15,16.85,0.73,15.22,-18.1,0.44,0.09,1.87,,0.0
LIT,3.0,2026-04-15,8.37,0.43,31.04,-53.78,0.75,0.38,1.94,,0.1101
FTXL,3.0,2026-04-15,43.28,0.23,35.52,-41.77,0.6,0.11,1.95,,0.1423
RWR,3.0,2026-04-15,6.81,3.69,17.23,-20.51,0.25,0.29,1.82,,-0.2191
DGS,3.0,2026-04-15,11.28,3.58,14.67,-20.29,0.58,0.2,1.8,,0.4493
REGL,3.0,2026-04-15,8.67,2.26,15.41,-18.11,0.4,0.06,1.75,,-0.0489
HACK,3.0,2026-04-15,15.29,0.08,22.34,-21.9,0.6,0.11,1.73,,-0.0393
FLTW,3.0,2026-04-15,27.98,2.34,22.91,-27.52,0.19,0.1,2.01,,0.006
ICOW,3.0,2026-04-15,13.07,2.29,15.21,-15.89,0.65,0.24,1.74,,-0.1607
IEV,3.0,2026-04-15,12.2,2.76,15.38,-14.63,0.6,0.32,1.76,,-0.0805
TMSL,2.8,2026-04-15,17.4,0.56,18.48,-24.72,0.55,0.12,1.81,,-0.969
USPX,3.0,2026-04-15,19.09,1.2,15.34,-19.4,0.03,0.07,1.79,,-0.0389
FDIS,3.0,2026-04-15,15.71,0.79,21.03,-27.73,0.084,0.09,1.83,,-0.0178
IDU,3.0,2026-04-15,11.25,2.13,15.32,-18.33,0.38,0.12,1.7,,0.0274
IYT,3.0,2026-04-15,11.74,1.07,21.34,-26.76,0.38,0.54,1.82,,-0.0355
PWB,3.0,2026-04-15,29.28,0.0,18.93,-22.1,0.55,0.03,1.83,,0.1006
RPV,3.0,2026-04-15,12.3,2.41,15.93,-16.01,0.35,0.23,1.78,,0.024
RWJ,3.0,2026-04-15,13.03,1.13,22.72,-29.68,0.39,0.15,1.79,,0.29
FCOM,3.0,2026-04-15,25.82,1.0,18.23,-21.35,0.084,0.12,1.78,,0.0874
FLQM,3.0,2026-04-15,9.1,1.56,14.76,-20.22,0.3,0.12,1.71,,-0.0892
DFEV,3.0,2026-04-15,17.13,2.56,15.73,-18.78,0.43,0.14,1.78,,0.0701
GSEW,3.0,2026-04-15,13.71,1.56,14.49,-18.85,0.09,0.06,1.72,,-0.1886
XCEM,3.0,2026-04-15,18.55,3.18,16.95,-21.04,0.16,0.19,1.71,,0.0
DFAR,3.0,2026-04-15,5.57,2.98,16.87,-19.36,0.19,0.41,1.65,,-0.0673
EMGF,3.0,2026-04-15,16.9,2.44,17.44,-19.65,0.26,0.1,1.7,,-0.119
ROBO,3.0,2026-04-15,12.32,0.43,21.85,-27.92,0.95,0.09,1.73,,0.1249
VIOV,3.0,2026-04-15,10.2,1.76,21.63,-29.04,0.1,0.06,1.68,,0.2201
PKW,3.0,2026-04-15,17.17,0.94,15.61,-21.27,0.62,0.05,1.61,,0.1797
RPG,3.0,2026-04-15,19.53,0.22,21.19,-24.81,0.35,0.31,1.79,,0.0792
IYE,3.0,2026-04-15,9.38,2.05,21.27,-21.45,0.38,0.65,1.67,,-0.029
XNTK,3.0,2026-04-15,34.91,0.25,25.11,-28.14,0.35,0.02,1.72,,0.0018
QQEW,3.0,2026-04-15,9.93,0.35,17.91,-21.52,0.55,0.09,1.65,,-0.184
JEMA,3.0,2026-04-15,16.4,2.78,18.31,-20.03,0.33,0.09,1.58,,0.0619
ARKW,3.0,2026-04-15,36.61,1.95,35.35,-37.18,0.76,0.24,1.7,,-0.0039
DTD,3.0,2026-04-15,13.35,1.98,12.18,-15.0,0.28,0.03,1.56,,0.1006
EWL,3.0,2026-04-15,9.56,1.74,14.64,-14.79,0.5,0.54,1.6,,0.0363
MISL,3.0,2026-04-15,28.42,0.37,18.97,-18.37,0.6,0.11,1.53,,0.2148
PSI,3.0,2026-04-15,43.44,0.08,37.63,-41.11,0.56,0.08,1.72,,0.1225
EUSA,3.0,2026-04-15,12.06,1.68,14.59,-18.81,0.09,0.06,1.59,,0.064
IAI,3.0,2026-04-15,23.83,1.18,20.22,-23.39,0.38,0.12,1.57,,0.0333
IMCB,3.0,2026-04-15,13.4,1.38,15.31,-20.4,0.04,0.03,1.55,,-0.0879
SPGM,3.0,2026-04-15,17.15,1.93,14.42,-16.9,0.09,0.09,1.55,,-0.0319
XHB,3.0,2026-04-15,16.11,0.79,26.1,-30.87,0.35,2.58,1.53,,-0.2007
ASHR,3.0,2026-04-15,4.71,2.36,24.04,-33.86,0.65,6.45,1.65,,-0.0224
HFXI,3.0,2026-04-15,15.16,4.44,14.0,-13.52,0.2,0.15,1.54,,-0.1363
INFL,3.0,2026-04-15,18.57,0.91,16.54,-16.38,0.85,0.16,1.53,,0.046
IVOG,3.0,2026-04-15,14.55,0.62,18.81,-26.18,0.1,0.02,1.57,,-0.0952
USVM,3.0,2026-04-15,16.06,1.91,18.28,-24.77,0.29,0.04,1.55,,-0.2484
TAN,3.0,2026-04-15,-11.08,0.0,37.98,-66.8,0.7,1.02,1.48,,0.228
IYM,3.0,2026-04-15,11.62,1.32,18.14,-24.2,0.38,0.06,1.57,,0.0171
RODM,3.0,2026-04-15,15.32,2.96,12.26,-10.59,0.29,0.13,1.49,,-0.0847
VFMO,3.0,2026-04-15,24.38,0.75,21.49,-24.74,0.13,0.03,1.54,,-0.0967
BAI,,2026-04-16,,,,,,,13.15,1.6215,-0.0995
QQQI,,2026-04-16,,,,,,,10.76,2.5213,0.0691
FENI,,2026-04-16,,,,,,,9.12,,0.808
FNGU,,2026-04-16,,,,,,,6.87,,-0.2059
FELC,,2026-04-16,,,,,,,6.86,,0.1131
AKRE,,2026-04-16,,,,,,,6.41,,0.1526
FMDE,,2026-04-16,,,,,,,6.47,,0.5284
FELG,,2026-04-16,,,,,,,5.26,,0.2192
BLCR,,2026-04-16,,,,,,,4.92,,0.8819
FESM,,2026-04-16,,,,,,,4.75,,0.4049
GRNY,,2026-04-16,,,,,,,4.37,,0.3132
EAGL,,2026-04-16,,,,,,,4.11,,-0.0199
QLTY,,2026-04-16,,,,,,,4.09,,0.4514
MSLC,,2026-04-16,,,,,,,3.8,,0.0
IDEF,,2026-04-16,,,,,,,3.5,,-0.3419
GPIX,,2026-04-16,,,,,,,3.54,,0.1297
GPIQ,,2026-04-16,,,,,,,3.58,,0.0561
FELV,,2026-04-16,,,,,,,2.84,,0.0
BDYN,,2026-04-16,,,,,,,2.71,,0.0
CGGE,,2026-04-16,,,,,,,2.45,,0.0
CGMM,,2026-04-16,,,,,,,2.35,,0.8257
KLMN,,2026-04-16,,,,,,,2.12,,0.0
CGNG,,2026-04-16,,,,,,,2.03,,0.0
ILOW,,2026-04-16,,,,,,,1.75,,0.0
FEGE,,2026-04-16,,,,,,,1.76,,0.6038
CGIC,,2026-04-16,,,,,,,1.65,,0.1341
CGCV,,2026-04-16,,,,,,,1.58,,0.8455
BAFE,,2026-04-16,,,,,,,1.61,,0.0
BDVL,,2026-04-16,,,,,,,1.65,,0.0
RSSL,,2026-04-16,,,,,,,1.41,,-0.4662
SCHV,3.0,2026-04-18,13.07,1.97,12.85,-16.22,0.04,1.88,15.08,7.6161,0.219
JIRE,3.0,2026-04-18,12.9,2.96,15.28,-14.91,0.24,0.38,10.48,,0.1507
XLG,3.0,2026-04-18,24.2,0.7,16.91,-20.86,0.2,1.81,10.58,3.0793,0.1194
FVD,3.0,2026-04-18,6.12,2.3,11.3,-13.02,0.61,0.84,8.29,6.2775,0.1989
FBCG,3.0,2026-04-18,31.55,0.05,22.81,-27.89,0.57,0.45,6.04,,0.1227
SIL,3.0,2026-04-18,47.83,1.11,39.82,-32.91,0.65,1.28,5.79,,-0.0116
RING,3.0,2026-04-18,48.04,0.78,36.9,-30.11,0.39,0.29,3.44,,0.0355
CORO,,2026-04-18,,,,,,,3.53,,0.5485
CWI,3.0,2026-04-18,14.69,2.98,14.97,-14.3,0.3,0.29,2.69,,-0.1116
SPYX,3.0,2026-04-18,20.14,0.98,15.17,-18.95,0.2,0.11,2.57,,-0.2137
FBT,3.0,2026-04-18,10.08,0.0,20.29,-20.05,0.54,0.04,2.37,,0.1911
FENY,3.0,2026-04-18,9.55,2.31,21.78,-22.59,0.084,1.85,1.89,,-0.0062
PIEQ,,2026-04-18,,,,,,,1.53,,0.0
GARP,3.0,2026-04-20,29.72,0.0,20.5,-23.8,,0.08,1.7,,0.0609
KORU,3.0,2026-04-26,88.57,0.59,85.36,-75.03,1.32,0.18,1.67,,0.2103
SOXS,3.0,2026-04-26,-85.61,8.44,105.59,-99.69,1.0,8.61,1.63,,0.1346
TNA,3.0,2026-04-26,27.91,0.62,63.27,-66.03,1.05,15.26,1.62,,-0.3657
BIZD,3.0,2026-04-26,-3.85,13.05,17.34,-32.04,12.86,1.24,1.59,,-0.1065
